Cl,Cd
0.2,0.02208
0.25,0.02264
0.3,0.02391
0.35,0.02486
0.4,0.02622
0.45,0.02786
0.5,0.02965
0.55,0.032
0.6,0.03437
0.65,0.03657
0.7,0.03989
0.75,0.04255
0.8,0.04571
0.85,0.04909
0.9,0.05242
0.95,0.05604
1.0,0.05988
1.05,0.06422
1.1,0.06794
1.15,0.07261
1.2,0.07716
1.25,0.08248
1.3,0.08758
1.35,0.09321
1.4,0.09797
1.45,0.10386
1.5,0.11033
